{
  "Version": "2012-10-17",
  "Statement": [
    {
      "Effect": "Allow",
      "Resource": [
        "arn:aws:logs:<AWS-Region>:<AWS-Account-ID>:log-group:/aws/codebuild/",
        "arn:aws:logs:<AWS-Region>:<AWS-Account-ID>:log-group:/aws/codebuild/*"
      ],
      "Action": [
        "logs:CreateLogGroup",
        "logs:CreateLogStream",
        "logs:PutLogEvents"
      ]
    },
    {
      "Effect": "Allow",
      "Resource": ["arn:aws:s3:::codepipeline-<AWS-Region>-*"],
      "Action": [
        "s3:PutObject",
        "s3:GetObject",
        "s3:GetObjectVersion",
        "s3:GetBucketAcl",
        "s3:GetBucketLocation"
      ]
    },
    {
      "Effect": "Allow",
      "Resource": ["arn:aws:codecommit:<AWS-Region>:<AWS-Account-ID>:*"],
      "Action": ["codecommit:GitPull"]
    },
    {
      "Effect": "Allow",
      "Resource": [
        "arn:aws:s3:::codepipeline-<AWS-Region>-363740374028",
        "arn:aws:s3:::codepipeline-<AWS-Region>-363740374028/*"
      ],
      "Action": [
        "s3:PutObject",
        "s3:GetObject",
        "s3:GetBucketAcl",
        "s3:GetBucketLocation",
        "s3:ListBucket"
      ]
    },
    {
      "Effect": "Allow",
      "Action": [
        "codebuild:CreateReportGroup",
        "codebuild:CreateReport",
        "codebuild:UpdateReport",
        "codebuild:BatchPutTestCases",
        "codebuild:BatchPutCodeCoverages"
      ],
      "Resource": [
        "arn:aws:codebuild:<AWS-Region>:<AWS-Account-ID>:report-group/*"
      ]
    },
    {
      "Effect": "Allow",
      "Action": [
        "ecr:GetAuthorizationToken",
        "ecr:BatchCheckLayerAvailability",
        "ecr:GetDownloadUrlForLayer",
        "ecr:BatchGetImage",
        "ecr:InitiateLayerUpload",
        "ecr:UploadLayerPart",
        "ecr:CompleteLayerUpload",
        "ecr:PutImage"
      ],
      "Resource": "*"
    }
  ]
}
