{
  "Version": "2012-10-17",
  "Statement": [
    {
      "Sid": "DynamoDBIndexAndStreamAccess",
      "Effect": "Allow",
      "Action": [
        "dynamodb:GetShardIterator",
        "dynamodb:Scan",
        "dynamodb:Query",
        "dynamodb:DescribeStream",
        "dynamodb:GetRecords",
        "dynamodb:ListStreams"
      ],
      "Resource": [
        "arn:aws:dynamodb:<AWS-Region>:<AWS-Account-ID>:table/todo",
        "arn:aws:dynamodb:<AWS-Region>:<AWS-Account-ID>:table/todo/*"
      ]
    },
    {
      "Sid": "DynamoDBTableAccess",
      "Effect": "Allow",
      "Action": [
        "dynamodb:BatchGetItem",
        "dynamodb:BatchWriteItem",
        "dynamodb:ConditionCheckItem",
        "dynamodb:PutItem",
        "dynamodb:DescribeTable",
        "dynamodb:DeleteItem",
        "dynamodb:GetItem",
        "dynamodb:Scan",
        "dynamodb:Query",
        "dynamodb:UpdateItem"
      ],
      "Resource": [
        "arn:aws:dynamodb:<AWS-Region>:<AWS-Account-ID>:table/todo",
        "arn:aws:dynamodb:<AWS-Region>:<AWS-Account-ID>:table/todo/*"
      ]
    },
    {
      "Sid": "DynamoDBDescribeLimitsAccess",
      "Effect": "Allow",
      "Action": "dynamodb:DescribeLimits",
      "Resource": [
        "arn:aws:dynamodb:<AWS-Region>:<AWS-Account-ID>:table/todo",
        "arn:aws:dynamodb:<AWS-Region>:<AWS-Account-ID>:table/todo/*"
      ]
    }
  ]
}
