{
  "containerDefinitions": [
    {
      "name": "server-app",
      "image": "<SERVER_APP_IMAGE>",
      "cpu": 256,
      "memory": 512,
      "portMappings": [
        {
          "containerPort": 5000,
          "hostPort": 5000,
          "protocol": "tcp"
        }
      ],
      "essential": true,
      "environment": [
        {
          "name": "TODO_TABLE_NAME",
          "value": "todo"
        }
      ],
      "mountPoints": [],
      "volumesFrom": [],
      "systemControls": [],
      "logConfiguration": {
        "logDriver": "awslogs",
        "options": {
          "awslogs-create-group": "true",
          "awslogs-group": "/ecs/server-app-service-bluegreen",
          "awslogs-region": "ap-southeast-1",
          "awslogs-stream-prefix": "ecs"
        }
      }
    }
  ],
  "family": "server-app-definition",
  "executionRoleArn": "arn:aws:iam::<AWS-Account-ID>:role/ECS-execution-role",
  "networkMode": "awsvpc",
  "revision": 15,
  "volumes": [],
  "status": "ACTIVE",
  "requiresAttributes": [
    {
      "name": "com.amazonaws.ecs.capability.ecr-auth"
    },
    {
      "name": "ecs.capability.execution-role-ecr-pull"
    },
    {
      "name": "com.amazonaws.ecs.capability.docker-remote-api.1.18"
    },
    {
      "name": "ecs.capability.task-eni"
    }
  ],
  "placementConstraints": [],
  "compatibilities": ["EC2", "FARGATE"],
  "requiresCompatibilities": ["FARGATE"],
  "cpu": "256",
  "memory": "512"
}
